Name,Station,Postcode,Price,Expiration,Link,Updated
Alexandra Palace,Alexandra Palace,N22 7AY,Free,31/12/2019,https://www.daysoutguide.co.uk/alexandra-palace,16/04/2019
Alton Towers Resort,Uttoxeter,ST10 4DB,£58.00,08/11/2020,https://www.daysoutguide.co.uk/alton-towers-resort,01/01/2020
Amberley Museum Heritage Centre,Amberley,BN18 9LT,£15.00,31/12/2020,https://www.daysoutguide.co.uk/amberley-museum-heritage-centre,16/12/2019
Anne Hathaways Cottage,Stratford-upon-Avon,CV37 9HH,£23.00,31/12/2020,https://www.daysoutguide.co.uk/anne-hathaways-cottage,06/01/2020
Anne Of Cleves House,Lewes,BN7 1JA,£6.50,30/11/2020,https://www.daysoutguide.co.uk/anne-of-cleves-house,02/01/2020
Antiques For Everyone,Birmingham International,B40 1NT,£16.00,22/11/2020,https://www.daysoutguide.co.uk/antiques-for-everyone,16/12/2019
Apsley House,London Victoria,W1J 7NT,£12.50,31/12/2020,https://www.daysoutguide.co.uk/apsley-house,02/01/2020
Arcelormittal Orbit,Stratford (London),E20 2AD,£12.50,31/12/2020,https://www.daysoutguide.co.uk/arcelormittal-orbit,16/12/2019
Arsenal Stadium Tours And Museum,Drayton Park,N7 7AJ,£25.00,31/12/2020,https://www.daysoutguide.co.uk/arsenal-stadium-tours-and-museum,16/12/2019
Ascot Racecourse,Ascot (Berks),SL5 7JX,Free,31/12/2020,https://www.daysoutguide.co.uk/ascot-racecourse,16/12/2019
Auberge Waterloo,London Waterloo East,SE1 8UH,Free,31/12/2019,https://www.daysoutguide.co.uk/auberge-waterloo,16/12/2019
Avon Boating,Stratford-upon-Avon,CV37 7LS,£7.00,31/10/2020,https://www.daysoutguide.co.uk/avon-boating,16/12/2019
Azzurro Italian Bar Kitchen London Bridge,London Bridge,SE1 2QJ,Free,31/12/2020,https://www.daysoutguide.co.uk/azzurro-italian-bar-kitchen-london-bridge,16/12/2019
Azzurro Italian Bar Kitchen Waterloo,London Waterloo,SE1 7ND,Free,31/12/2020,https://www.daysoutguide.co.uk/azzurro-italian-bar-kitchen-waterloo,16/12/2019
Adventure Inside Soft Play Rides,Southend Central,SS1 1EE,£12.00,31/12/2020,https://www.daysoutguide.co.uk/adventure-inside-soft-play-rides,16/12/2019
Adventure Island,Southend Central,SS1 1EE,Free,31/12/2020,https://www.daysoutguide.co.uk/adventure-island,16/12/2019
Audley End House And Gardens,Audley End,CB11 4JF,£20.90,31/12/2020,https://www.daysoutguide.co.uk/audley-end-house-and-gardens,02/01/2020
Andover Museum And Museum Of The Iron Age,Andover,SP10 1DP,Free,31/12/2020,https://www.daysoutguide.co.uk/andover-museum-and-museum-of-the-iron-age,16/12/2019
Allen Gallery,Alton,GU34 2BW,Free,31/12/2020,https://www.daysoutguide.co.uk/allen-gallery,16/12/2019
Arcelormittal Orbit The Slide,Stratford (London),E20 2AD,£16.50,31/12/2020,https://www.daysoutguide.co.uk/arcelormittal-orbit-the-slide,16/12/2019
Afternoon Tea At The Holiday Inn Southend,Southend Airport,SS2 6XG,£25.00,31/12/2020,https://www.daysoutguide.co.uk/afternoon-tea-at-the-holiday-inn-southend,16/12/2019
Atmosphere Trampoline Park Basingstoke,Basingstoke,RG24 8PD,£7.50,31/12/2020,https://www.daysoutguide.co.uk/atmosphere-trampoline-park-basingstoke,16/12/2019
Alleyways And Courtyards Of London Tour,London Cannon Street,EC4R 2SU,£15.00,31/12/2020,https://www.daysoutguide.co.uk/alleyways-and-courtyards-of-london-tour,17/12/2019
Afternoon Tea At The Amba Hotel Charing Cross,London Charing Cross,WC2 5HX,£32.95,30/10/2020,https://www.daysoutguide.co.uk/afternoon-tea-at-the-amba-hotel-charing-cross,20/12/2019
Banqueting House,London Charing Cross,SW1A 2ER,£7.20,31/12/2020,https://www.daysoutguide.co.uk/banqueting-house,16/12/2019
Battersea Park Childrens Zoo,Queenstown Road (Battersea),SW11 4NJ,£9.95,31/12/2020,https://www.daysoutguide.co.uk/battersea-park-childrens-zoo,16/12/2019
Battle Of Bannockburn,Stirling,FK7 0LJ,£11.50,31/12/2020,https://www.daysoutguide.co.uk/battle-of-bannockburn,16/12/2019
Bekonscot Model Village And Railway,Beaconsfield,HP9 2PL,£11.30,31/12/2020,https://www.daysoutguide.co.uk/bekonscot-model-village-and-railway,02/01/2020
Benjamin Franklin House,London Charing Cross,WC2N 5NF,£8.00,31/12/2020,https://www.daysoutguide.co.uk/benjamin-franklin-house,16/12/2019
Birmingham Botanical Gardens,Birmingham New Street,B15 3TR,£7.50,31/12/2020,https://www.daysoutguide.co.uk/birmingham-botanical-gardens,16/12/2019
Birmingham Museum Art Gallery,Birmingham New Street,B3 3DH,Free,None,https://www.daysoutguide.co.uk/birmingham-museum-art-gallery,16/12/2019
Black Country Living Museum,Tipton,DY1 4SQ,£19.45,31/12/2020,https://www.daysoutguide.co.uk/black-country-living-museum,02/01/2020
Bletchley Park,Bletchley,MK3 6EB,£20.00,31/12/2020,https://www.daysoutguide.co.uk/bletchley-park,16/12/2019
Bluebell Railway,East Grinstead,RH19 1SP,£19.00,31/12/2020,https://www.daysoutguide.co.uk/bluebell-railway,16/12/2019
Boho Gelato,Brighton (East Sussex),BN1 1NJ,Free,31/12/2020,https://www.daysoutguide.co.uk/boho-gelato,16/12/2019
Boulevard Brasserie,London Charing Cross,WC2E 7BD,Free,30/11/2020,https://www.daysoutguide.co.uk/boulevard-brasserie,16/12/2019
Branklyn Garden,Perth,PH2 0DR,£6.50,31/12/2020,https://www.daysoutguide.co.uk/branklyn-garden,16/12/2019
Brighton Museum And Art Gallery,Brighton (East Sussex),BN1 1EE,£6.00,31/12/2020,https://www.daysoutguide.co.uk/brighton-museum-and-art-gallery,16/12/2019
Brighton Toy And Model Museum,Brighton (East Sussex),BN1 4EB,£6.50,31/12/2020,https://www.daysoutguide.co.uk/brighton-toy-and-model-museum,16/12/2019
Beaches Guest House,Southend East,SS1 3AA,Free,31/12/2020,https://www.daysoutguide.co.uk/beaches-guest-house,16/12/2019
Baskin Robbins,Southend Central,SS1 2EN,Free,31/12/2020,https://www.daysoutguide.co.uk/baskin-robbins,16/12/2019
Bubba Gump Shrimp Company London,London Charing Cross,W1D 7AB,Free,31/12/2020,https://www.daysoutguide.co.uk/bubba-gump-shrimp-company-london,16/12/2019
British Motor Museum,Leamington Spa,CV35 0BJ,£14.50,31/12/2020,https://www.daysoutguide.co.uk/british-motor-museum,16/12/2019
Broughton Castle,Banbury,OX15 5EB,£10.00,31/12/2020,https://www.daysoutguide.co.uk/broughton-castle,16/12/2019
Bainton Bikes Official Oxford Cycle Tour,Oxford,OX2 6EA,£30.00,31/12/2019,https://www.daysoutguide.co.uk/bainton-bikes-official-oxford-cycle-tour,02/01/2020
Bath Aqua Theatre Of Glass Glass Blowing Demonstrations,Bath Spa,BA1 5BW,Free,None,https://www.daysoutguide.co.uk/bath-aqua-theatre-of-glass-glass-blowing-demonstrations,16/12/2019
Bridget Jones Walking Tour,London Blackfriars,WC2R 2PH,£12.00,25/09/2020,https://www.daysoutguide.co.uk/bridget-jones-walking-tour,16/12/2019
Bure Valley Railway,Hoveton & Wroxham,NR11 6BW,£14.00,31/12/2020,https://www.daysoutguide.co.uk/bure-valley-railway,16/12/2019
Barbican Centre Into The Night Cabarets And Clubs In Modern Art,Barbican,EC2Y 8DS,Free,17/01/2020,https://www.daysoutguide.co.uk/barbican-centre-into-the-night-cabarets-and-clubs-in-modern-art,30/04/2019
British Library Buddhism,London Kings Cross,NW1 2DB,£14.00,23/02/2020,https://www.daysoutguide.co.uk/british-library-buddhism,16/09/2019
British Museum The Bp Exhibition Troy Myth And Reality,London Euston,WC1B 3DG,Free,08/03/2020,https://www.daysoutguide.co.uk/british-museum-the-bp-exhibition-troy-myth-and-reality,26/11/2019
British Music Experience,Liverpool Lime Street,L3 1DS,£14.00,31/12/2020,https://www.daysoutguide.co.uk/british-music-experience,16/12/2019
Booth Museum Of Natural History,Brighton (East Sussex),BN1 5AA,Free,31/12/2020,https://www.daysoutguide.co.uk/booth-museum-of-natural-history,16/12/2019
Body Worlds London,London Charing Cross,W1J 0DA,£25.00,31/12/2020,https://www.daysoutguide.co.uk/body-worlds-london,16/12/2019
British Museum Inspired By The East How The Islamic World Influenced Western Art,London Euston,WC1B 3DG,£14.00,26/01/2020,https://www.daysoutguide.co.uk/british-museum-inspired-by-the-east-how-the-islamic-world-influenced-western-art,23/09/2019
Barbican Centre Masculinities Liberation Through Photography,Barbican,EC2Y 8DS,Free,14/05/2020,https://www.daysoutguide.co.uk/barbican-centre-masculinities-liberation-through-photography,14/11/2019
Cadbury World,Bournville,B30 2LU,£12.60,31/12/2020,https://www.daysoutguide.co.uk/cadbury-world,02/01/2020
Camden Market,Camden Road,NW1 8NH,Free,None,https://www.daysoutguide.co.uk/camden-market,16/04/2019
Chelmsford Museum,Chelmsford,CM2 9AQ,Free,None,https://www.daysoutguide.co.uk/chelmsford-museum,16/04/2019
Chelsea Fc Stadium Tour Museum,West Brompton,SW6 1HS,£24.00,31/12/2020,https://www.daysoutguide.co.uk/chelsea-fc-stadium-tour-museum,16/12/2019
Chelsea Physic Garden,Battersea Park,SW3 4HS,£10.50,31/12/2020,https://www.daysoutguide.co.uk/chelsea-physic-garden,16/12/2019
Chertsey Museum,Chertsey,KT16 8AT,Free,None,https://www.daysoutguide.co.uk/chertsey-museum,16/04/2019
Chessington World Of Adventures Resort,Chessington South,KT9 2NE,£50.50,01/11/2020,https://www.daysoutguide.co.uk/chessington-world-of-adventures-resort,01/01/2020
Chichester Cathedral,Chichester,PO19 1RP,Free,None,https://www.daysoutguide.co.uk/chichester-cathedral,16/04/2019
Chiltern Open Air Museum,Chalfont & Latimer,HP8 4AB,£11.00,29/10/2020,https://www.daysoutguide.co.uk/chiltern-open-air-museum,02/01/2020
Churchill War Rooms,London Charing Cross,SW1A 2AQ,£22.00,31/12/2020,https://www.daysoutguide.co.uk/churchill-war-rooms,16/12/2019
City Cruises,London Waterloo,SW1A 2JH,£19.50,31/12/2020,https://www.daysoutguide.co.uk/city-cruises,16/12/2019
Colchester Natural History Museum,Colchester Town,CO1 1DN,Free,None,https://www.daysoutguide.co.uk/colchester-natural-history-museum,16/04/2019
Confessions Of A Chocoholic Afternoon Tea,London Victoria,W1K 1BE,£39.00,31/12/2020,https://www.daysoutguide.co.uk/confessions-of-a-chocoholic-afternoon-tea,07/01/2020
Cutty Sark,Greenwich,SE10 9HT,£15.00,31/12/2020,https://www.daysoutguide.co.uk/cutty-sark,16/12/2019
Circular Cruise Westminster,London Waterloo,SW1A 2JH,£10.75,31/12/2020,https://www.daysoutguide.co.uk/circular-cruise-westminster,16/12/2019
Chocolate Vip Tour Of London,London Victoria,W1J 7BX,£30.00,30/12/2020,https://www.daysoutguide.co.uk/chocolate-vip-tour-of-london,16/12/2019
City Of Edinburgh Tours,Edinburgh,EH1 1QS,£12.00,31/12/2020,https://www.daysoutguide.co.uk/city-of-edinburgh-tours,08/12/2019
Clifton Suspension Bridge Visitor Centre,Bristol Temple Meads,BS8 3PA,Free,31/12/2020,https://www.daysoutguide.co.uk/clifton-suspension-bridge-visitor-centre,16/12/2019
City Cruises York,York,YO1 7DP,£11.50,27/11/2020,https://www.daysoutguide.co.uk/city-cruises-york,02/01/2020
Curtis Museum,Alton,GU34 1BA,Free,31/12/2020,https://www.daysoutguide.co.uk/curtis-museum,16/12/2019
Chicago Rib Shack Clapham,Wandsworth Road,SW4 6DH,Free,30/12/2020,https://www.daysoutguide.co.uk/chicago-rib-shack-clapham,16/12/2019
City Cruises Poole,Poole,BH15 1HJ,£11.50,31/10/2020,https://www.daysoutguide.co.uk/city-cruises-poole,16/12/2019
Canterbury Cathedral,Canterbury West,CT1 2EH,£12.50,31/03/2020,https://www.daysoutguide.co.uk/canterbury-cathedral,16/12/2019
Chimera Climbing,High Brooms,TN2 3DR,£11.00,31/03/2020,https://www.daysoutguide.co.uk/chimera-climbing,16/12/2019
Curiosities Of London,London Charing Cross,WC2N 6NN,£15.00,31/12/2020,https://www.daysoutguide.co.uk/curiosities-of-london,20/11/2019
Delta Force Paintball Birmingham,The Lakes (Warks),B94 6SE,£9.99,31/12/2020,https://www.daysoutguide.co.uk/delta-force-paintball-birmingham,16/12/2019
Delta Force Paintball Reading,Tilehurst,RG4 7TR,£9.99,31/12/2020,https://www.daysoutguide.co.uk/delta-force-paintball-reading,16/12/2019
Didcot Railway Centre,Didcot Parkway,OX11 7NJ,£11.00,31/12/2020,https://www.daysoutguide.co.uk/didcot-railway-centre,16/12/2019
Discovery Point Rrs Discovery,Dundee,DD1 4XA,£11.50,31/12/2020,https://www.daysoutguide.co.uk/discovery-point-rrs-discovery,16/12/2019
Dover Castle,Dover Priory,CT16 1HU,£23.00,31/03/2020,https://www.daysoutguide.co.uk/dover-castle,16/12/2019
Dr Johnsons House,City Thameslink,EC4A 3DE,£7.00,31/12/2020,https://www.daysoutguide.co.uk/dr-johnsons-house,16/12/2019
Doctor Who London Walking Tour,London Bridge,SE1 9QU,£12.00,31/12/2020,https://www.daysoutguide.co.uk/doctor-who-london-walking-tour,16/12/2019
Drink London Historical Walking Pub Tour,London Blackfriars,EC4V 4DY,£25.00,31/12/2020,https://www.daysoutguide.co.uk/drink-london-historical-walking-pub-tour,16/12/2019
Dulwich Picture Gallery,West Dulwich,SE21 7AD,£9.00,30/04/2019,https://www.daysoutguide.co.uk/dulwich-picture-gallery,16/12/2019
Delta Force Paintball Cardiff,Radyr,CF15 9QN,£9.99,31/12/2020,https://www.daysoutguide.co.uk/delta-force-paintball-cardiff,16/12/2019
Delta Force Paintball Southampton,Redbridge,SO15 0LR,£9.99,31/12/2020,https://www.daysoutguide.co.uk/delta-force-paintball-southampton,16/12/2019
Dreamworks Tours Shreks Adventure London,London Waterloo,SE1 7PB,£29.00,31/12/2020,https://www.daysoutguide.co.uk/dreamworks-tours-shreks-adventure-london,01/01/2020
Delta Force Paintball South Manchester,Holmes Chapel,CW11 1RL,£9.99,31/12/2020,https://www.daysoutguide.co.uk/delta-force-paintball-south-manchester,16/12/2019
Delta Force Paintball North Bristol,Cam & Dursley,GL12 8EA,£9.99,31/12/2020,https://www.daysoutguide.co.uk/delta-force-paintball-north-bristol,16/12/2019
Delta Force Paintball Berkshire,Twyford,RG10 0QH,£9.99,31/12/2020,https://www.daysoutguide.co.uk/delta-force-paintball-berkshire,16/12/2019
Delta Force Paintball Edinburgh,Kirknewton,EH27 8ED,£9.99,31/12/2020,https://www.daysoutguide.co.uk/delta-force-paintball-edinburgh,16/12/2019
Delta Force Paintball West London,Slough,SL2 4EU,£9.99,31/12/2020,https://www.daysoutguide.co.uk/delta-force-paintball-west-london,16/12/2019
Delta Force Paintball East London,Upminster,RM14 2TN,£9.99,31/12/2020,https://www.daysoutguide.co.uk/delta-force-paintball-east-london,16/12/2019
Downton Abbey Walking Tour Of London,London Blackfriars,WC2R 2PH,£12.00,31/12/2020,https://www.daysoutguide.co.uk/downton-abbey-walking-tour-of-london,16/12/2019
Dads Army Museum Thetford,Thetford,IP24 2DS,Free,28/11/2020,https://www.daysoutguide.co.uk/dads-army-museum-thetford,16/12/2019
Design Museum Beazley Designs Of The Year,London Paddington,W8 6AG,£12.00,09/02/2020,https://www.daysoutguide.co.uk/design-museum-beazley-designs-of-the-year,23/09/2019
Deal Castle,Deal,CT14 7BA,£8.40,31/03/2020,https://www.daysoutguide.co.uk/deal-castle,16/12/2019
Dr Chocs Windsor Chocolate Factory,Windsor & Eton Riverside,SL4 1PL,£19.95,31/12/2020,https://www.daysoutguide.co.uk/dr-chocs-windsor-chocolate-factory,16/12/2019
Design Museum Moving To Mars,London Paddington,W8 6AG,Free,23/02/2020,https://www.daysoutguide.co.uk/design-museum-moving-to-mars,23/09/2019
Eastbourne Beach,Eastbourne,BN21 3QJ,Free,None,https://www.daysoutguide.co.uk/eastbourne-beach,16/04/2019
Edinburgh Dungeon,Edinburgh,EH1 1DF,£17.95,31/12/2020,https://www.daysoutguide.co.uk/edinburgh-dungeon,01/01/2020
Electric Cinema,Birmingham New Street,B5 4DY,£11.20,31/12/2020,https://www.daysoutguide.co.uk/electric-cinema,16/12/2019
Eltham Palace And Gardens,Mottingham,SE9 5QE,£18.20,31/12/2020,https://www.daysoutguide.co.uk/eltham-palace-and-gardens,02/01/2020
Estorick Collection Of Modern Italian Art,Highbury & Islington,N1 2AN,£7.50,31/12/2020,https://www.daysoutguide.co.uk/estorick-collection-of-modern-italian-art,16/12/2019
Exeter Underground Passages,Exeter Central,EX1 1GA,£7.00,31/12/2020,https://www.daysoutguide.co.uk/exeter-underground-passages,16/12/2019
Emery Walkers House,Chiswick,W6 9TS,£5.50,None,https://www.daysoutguide.co.uk/emery-walkers-house,16/12/2019
Ely Cathedral Stained Glass Museum,Ely,CB7 4DL,£12.50,31/12/2020,https://www.daysoutguide.co.uk/ely-cathedral-stained-glass-museum,02/01/2020
Eastgate House,Rochester,ME1 1EW,£5.50,31/03/2020,https://www.daysoutguide.co.uk/eastgate-house,16/12/2019
Eden Valley Museum Hop Picking In The Eden Valley,Edenbridge Town,TN8 5AR,Free,31/12/2020,https://www.daysoutguide.co.uk/eden-valley-museum-hop-picking-in-the-eden-valley,23/12/2019
Exciting Escapes,Millbrook (Hants),SO16 4FB,£114.00,31/12/2020,https://www.daysoutguide.co.uk/exciting-escapes,02/01/2020
Eagle Heights Wildlife Foundation,Eynsford,DA4 0JB,£9.95,31/03/2020,https://www.daysoutguide.co.uk/eagle-heights-wildlife-foundation,16/12/2019
El Cortador Tapas Bar Restaurant,Folkestone Central,CT20 1RL,Free,31/03/2020,https://www.daysoutguide.co.uk/el-cortador-tapas-bar-restaurant,16/12/2019
East Grinstead Museum,East Grinstead,RH19 3BJ,Free,31/12/2020,https://www.daysoutguide.co.uk/east-grinstead-museum,16/12/2019
Eastbourne Pier,Eastbourne,BN21 3EL,Free,31/12/2020,https://www.daysoutguide.co.uk/eastbourne-pier,16/12/2019
Fashion And Textile Museum,London Bridge,SE1 3XF,£9.00,29/12/2020,https://www.daysoutguide.co.uk/fashion-and-textile-museum,16/12/2019
Fat Tire Bike Tours London,London Paddington,W2 3RX,£26.00,31/12/2020,https://www.daysoutguide.co.uk/fat-tire-bike-tours-london,16/12/2019
Fishbourne Roman Palace And Gardens,Fishbourne (Sussex),PO19 3QR,£10.00,31/12/2020,https://www.daysoutguide.co.uk/fishbourne-roman-palace-and-gardens,06/01/2020
Florence Nightingale Museum,London Waterloo,SE1 7EW,£8.00,31/12/2020,https://www.daysoutguide.co.uk/florence-nightingale-museum,16/12/2019
Fort Amherst,Chatham,ME4 4UB,Free,None,https://www.daysoutguide.co.uk/fort-amherst,16/04/2019
Foundling Museum,London Kings Cross,WC1N 1AZ,£9.50,31/12/2020,https://www.daysoutguide.co.uk/foundling-museum,06/01/2020
Freud Museum London,Finchley Road & Frognal,NW3 5SX,£10.00,31/12/2020,https://www.daysoutguide.co.uk/freud-museum-london,16/12/2019
Fullers Griffin Brewery Tour Beer Tasting,Chiswick,W4 2QB,£20.00,31/12/2020,https://www.daysoutguide.co.uk/fullers-griffin-brewery-tour-beer-tasting,16/12/2019
Ghost Bus Tours York,York,YO24 1AA,£16.00,31/12/2020,https://www.daysoutguide.co.uk/ghost-bus-tours-york,16/12/2019
Glenfinnan Monument,Glenfinnan,PH37 4LT,£4.00,31/12/2020,https://www.daysoutguide.co.uk/glenfinnan-monument,16/12/2019
Go Zorbing London,Whyteleafe South,CR3 0HB,£49.99,31/12/2020,https://www.daysoutguide.co.uk/go-zorbing-london,16/12/2019
Grand Designs Live London,Stratford International,E16 1XL,Free,09/05/2020,https://www.daysoutguide.co.uk/grand-designs-live-london,16/12/2019
Grand Pier Weston Super Mare,Weston-super-Mare,BS23 1AL,£15.00,31/12/2020,https://www.daysoutguide.co.uk/grand-pier-weston-super-mare,16/12/2019
Great Notley Country Park And Discovery Centre,Braintree,CM77 7FS,Free,None,https://www.daysoutguide.co.uk/great-notley-country-park-and-discovery-centre,16/04/2019
Green Park,London Victoria,SW1E 5ND,Free,None,https://www.daysoutguide.co.uk/green-park,16/04/2019
Greenbank Garden,Clarkston,G76 8RB,£7.50,31/12/2020,https://www.daysoutguide.co.uk/greenbank-garden,16/12/2019
Greenwich Park,Blackheath,SE3 9LG,Free,None,https://www.daysoutguide.co.uk/greenwich-park,16/04/2019
Greenwich Guided Tours,Greenwich,SE10 9NN,£10.00,31/12/2020,https://www.daysoutguide.co.uk/greenwich-guided-tours,16/12/2019
Guards Museum,London Victoria,SW1E 6HQ,£8.00,31/12/2020,https://www.daysoutguide.co.uk/guards-museum,16/12/2019
Gleneagles Guesthouse And Tearooms,Southend Central,SS1 1DP,Free,31/12/2020,https://www.daysoutguide.co.uk/gleneagles-guesthouse-and-tearooms,16/12/2019
Gilbert White The Oates Collections,Alton,GU34 3JH,£12.00,31/12/2020,https://www.daysoutguide.co.uk/gilbert-white-the-oates-collections,16/12/2019
Grime Punishment Walking Tour,London Charing Cross,WC2N 6NN,£15.00,31/12/2020,https://www.daysoutguide.co.uk/grime-punishment-walking-tour,16/12/2019
Gabeto,London Euston,NW1 8AH,Free,31/12/2020,https://www.daysoutguide.co.uk/gabeto,16/12/2019
Grown Up Travel Show,Harrogate,HG1 5LA,£8.00,29/03/2020,https://www.daysoutguide.co.uk/grown-up-travel-show,21/11/2019
Halls Croft,Stratford-upon-Avon,CV37 6BG,£23.00,31/12/2020,https://www.daysoutguide.co.uk/halls-croft,06/01/2020
Hampton Court Palace,Hampton Court,KT8 9AU,£26.10,31/12/2020,https://www.daysoutguide.co.uk/hampton-court-palace,16/12/2019
Harbour Park,Littlehampton,BN17 5LH,£18.00,01/11/2020,https://www.daysoutguide.co.uk/harbour-park,16/12/2019
Harry Potter London Bus Tour,London Blackfriars,EC4V 4DY,£30.00,31/12/2020,https://www.daysoutguide.co.uk/harry-potter-london-bus-tour,16/12/2019
Harry Potter London Walk,London Charing Cross,W1J 8HX,£20.00,31/12/2020,https://www.daysoutguide.co.uk/harry-potter-london-walk,16/12/2019
Hidden London,London Charing Cross,WC2N 6NN,£15.00,31/12/2020,https://www.daysoutguide.co.uk/hidden-london,16/12/2019
Hill Of Tarvit Mansion,Cupar,KY15 5PB,£10.50,31/10/2020,https://www.daysoutguide.co.uk/hill-of-tarvit-mansion,16/12/2019
Hms Belfast,London Bridge,SE1 2JH,£19.00,31/12/2020,https://www.daysoutguide.co.uk/hms-belfast,02/01/2020
Holy Trinity Church,Stratford-upon-Avon,CV37 6BG,Free,None,https://www.daysoutguide.co.uk/holy-trinity-church,16/04/2019
Home Of Charles Darwin,Orpington,BR6 7JT,£16.00,31/12/2020,https://www.daysoutguide.co.uk/home-of-charles-darwin,02/01/2020
Horniman Museum And Gardens,Forest Hill,SE23 3PQ,Free,None,https://www.daysoutguide.co.uk/horniman-museum-and-gardens,16/04/2019
House For An Art Lover,Dumbreck,G41 5BW,£6.00,31/12/2020,https://www.daysoutguide.co.uk/house-for-an-art-lover,16/12/2019
House Of Illustration,London Kings Cross,N1C 4BH,£8.80,31/12/2020,https://www.daysoutguide.co.uk/house-of-illustration,16/12/2019
Hove Museum And Art Gallery,Hove,BN3 4AB,Free,31/12/2020,https://www.daysoutguide.co.uk/hove-museum-and-art-gallery,16/12/2019
Howletts Wild Animal Park,Bekesbourne,CT4 5EL,£22.95,31/12/2020,https://www.daysoutguide.co.uk/howletts-wild-animal-park,16/12/2019
Hunstanton Sea Life Sanctuary,Kings Lynn,PE36 5BH,£16.95,31/12/2020,https://www.daysoutguide.co.uk/hunstanton-sea-life-sanctuary,01/01/2020
Hyde Park,London Marylebone,W2 2UH,Free,None,https://www.daysoutguide.co.uk/hyde-park,16/04/2019
Hop On Hop Off London Bus Tour City Sampler,London Charing Cross,SW1Y 5BL,£29.00,31/12/2020,https://www.daysoutguide.co.uk/hop-on-hop-off-london-bus-tour-city-sampler,16/12/2019
Hapenny Pier Visitor Infomation Centre,Harwich Town,CO12 3HH,Free,None,https://www.daysoutguide.co.uk/hapenny-pier-visitor-infomation-centre,16/12/2019
History Of Science Museum,Oxford,OX1 3AZ,Free,31/12/2020,https://www.daysoutguide.co.uk/history-of-science-museum,16/12/2019
Hantverk Found,Margate,CT9 1DA,Free,31/03/2020,https://www.daysoutguide.co.uk/hantverk-found,16/12/2019
Horsham Museum Art Gallery,Horsham,RH12 1HE,Free,31/12/2020,https://www.daysoutguide.co.uk/horsham-museum-art-gallery,16/12/2019
Hatfield House,Hatfield (Herts),AL9 5HX,£19.00,27/09/2020,https://www.daysoutguide.co.uk/hatfield-house,16/12/2019
Hornby Visitor Centre,Ramsgate,CT9 4JX,£5.00,31/03/2020,https://www.daysoutguide.co.uk/hornby-visitor-centre,16/12/2019
Hythe Imperial Hotel,None,CT21 6AE,Free,31/03/2020,https://www.daysoutguide.co.uk/hythe-imperial-hotel,16/12/2019
Hastings Museum And Art Gallery,Hastings,TN34 1ET,Free,31/12/2020,https://www.daysoutguide.co.uk/hastings-museum-and-art-gallery,16/12/2019
Hero And Superhero Film Walk Of London,London Kings Cross,WC1N 1LJ,£12.00,None,https://www.daysoutguide.co.uk/hero-and-superhero-film-walk-of-london,16/12/2019
Hastings Contemporary,Hastings,TN34 3DW,£9.00,31/12/2020,https://www.daysoutguide.co.uk/hastings-contemporary,16/12/2019
Ikon Gallery,Five Ways,B1 2HS,Free,None,https://www.daysoutguide.co.uk/ikon-gallery,16/04/2019
International Slavery Museum,Liverpool James Street,L3 4AQ,Free,31/12/2020,https://www.daysoutguide.co.uk/international-slavery-museum,16/12/2019
Indian Fusion,London Bridge,SE1 2UP,Free,31/12/2020,https://www.daysoutguide.co.uk/indian-fusion,16/12/2019
Imperial War Museum,London Waterloo,SE1 6HZ,Free,None,https://www.daysoutguide.co.uk/imperial-war-museum,16/04/2019
Imperial War Museum North,Manchester Piccadilly,M17 1TZ,Free,31/12/2020,https://www.daysoutguide.co.uk/imperial-war-museum-north,16/12/2019
Insole Court This House Is A Stage,Fairwater,CF5 2LN,£5.00,31/12/2020,https://www.daysoutguide.co.uk/insole-court-this-house-is-a-stage,16/12/2019
Jack The Ripper Mystery Walks,London Liverpool Street,EC3N 1AH,£15.00,30/12/2020,https://www.daysoutguide.co.uk/jack-the-ripper-mystery-walks,02/01/2020
James Bond Walking Tour Of London,London Charing Cross,SW1Y 4QX,£12.00,31/12/2020,https://www.daysoutguide.co.uk/james-bond-walking-tour-of-london,16/12/2019
Jewel Tower,London Charing Cross,SW1P 3JX,£6.50,31/12/2020,https://www.daysoutguide.co.uk/jewel-tower,02/01/2020
Jewish Museum London,London Euston,NW1 7NB,£8.50,31/12/2020,https://www.daysoutguide.co.uk/jewish-museum-london,16/12/2019
John Bunyan Museum Library,Bedford,MK40 3EU,Free,30/11/2020,https://www.daysoutguide.co.uk/john-bunyan-museum-library,16/12/2019
Kensington Garden,London Victoria,W2 2UH,Free,None,https://www.daysoutguide.co.uk/kensington-garden,16/04/2019
Kensington Palace,London Paddington,W8 4PX,£21.50,31/12/2020,https://www.daysoutguide.co.uk/kensington-palace,16/12/2019
Kew Gardens,Kew Bridge,TW9 3AB,£18.00,31/12/2020,https://www.daysoutguide.co.uk/kew-gardens,16/12/2019
Kent Downs,Ashford International,TN23 1EZ,Free,None,https://www.daysoutguide.co.uk/kent-downs,16/04/2019
Gangster Tour London,Whitechapel,E1 1BU,£20.00,28/11/2020,https://www.daysoutguide.co.uk/gangster-tour-london,16/12/2019
Kidzania London,Shepherd's Bush,W12 7GA,Free,31/12/2020,https://www.daysoutguide.co.uk/kidzania-london,16/12/2019
Kia Oval Ground Tours,Vauxhall,SE11 5SS,£15.00,31/12/2020,https://www.daysoutguide.co.uk/kia-oval-ground-tours,16/12/2019
Komedia Brighton,Brighton (East Sussex),BN1 1UN,Free,31/12/2020,https://www.daysoutguide.co.uk/komedia-brighton,16/12/2019
Kettles Yard,Cambridge,CB3 0AQ,Free,31/12/2020,https://www.daysoutguide.co.uk/kettles-yard,16/12/2019
Leeds Castle,Maidstone West,ME15 6TS,£25.00,31/03/2020,https://www.daysoutguide.co.uk/leeds-castle,16/12/2019
Legend Of Apollo At The Discovery Motion Theatre Science Museum,London Victoria,SW7 2DD,£4.00,13/04/2020,https://www.daysoutguide.co.uk/legend-of-apollo-at-the-discovery-motion-theatre-science-museum,16/12/2019
Legoland Discovery Centre Manchester,Manchester Piccadilly,M17 8AS,£19.95,31/12/2020,https://www.daysoutguide.co.uk/legoland-discovery-centre-manchester,01/01/2020
Legoland Windsor Resort,Windsor & Eton Central,SL4 4AY,£58.00,31/12/2020,https://www.daysoutguide.co.uk/legoland-windsor-resort,01/01/2020
Lewes Castle,Lewes,BN7 1YE,£8.50,31/12/2020,https://www.daysoutguide.co.uk/lewes-castle,02/01/2020
Liverpool Cathedral,Liverpool Lime Street,L1 7AZ,£5.50,31/12/2020,https://www.daysoutguide.co.uk/liverpool-cathedral,16/12/2019
Liverpool Football Club Stadium Tour Museum,Liverpool Lime Street,L4 0TH,£21.00,31/12/2020,https://www.daysoutguide.co.uk/liverpool-football-club-stadium-tour-museum,02/01/2020
London Bicycle Tour,London Waterloo East,SE11 6NJ,£20.00,31/12/2020,https://www.daysoutguide.co.uk/london-bicycle-tour,16/12/2019
London Bridge Experience And London Tombs,London Bridge,SE1 2SY,£28.95,31/12/2020,https://www.daysoutguide.co.uk/london-bridge-experience-and-london-tombs,16/12/2019
London Canal Museum,London Kings Cross,N1 9RT,£5.00,30/12/2020,https://www.daysoutguide.co.uk/london-canal-museum,16/12/2019
London Eye,London Waterloo,SE1 7PB,£30.00,31/12/2020,https://www.daysoutguide.co.uk/london-eye,01/01/2020
London Eye River Cruise,London Waterloo,SE1 7NS,£13.50,24/12/2020,https://www.daysoutguide.co.uk/london-eye-river-cruise,01/01/2020
London Transport Museum,London Charing Cross,WC2E 7BB,£18.00,31/12/2020,https://www.daysoutguide.co.uk/london-transport-museum,16/12/2019
London Walks,London Charing Cross,WC2N 6NN,£10.00,31/12/2020,https://www.daysoutguide.co.uk/london-walks,16/12/2019
Lullingstone Roman Villa,Eynsford,DA4 0JA,£9.00,31/03/2020,https://www.daysoutguide.co.uk/lullingstone-roman-villa,16/12/2019
Lynn Museum,Kings Lynn,PE30 1NL,£4.70,31/12/2020,https://www.daysoutguide.co.uk/lynn-museum,16/12/2019
Lady Lever Art Gallery,Bebington,CH62 5EQ,Free,31/12/2020,https://www.daysoutguide.co.uk/lady-lever-art-gallery,16/12/2019
London Stadium Former Olympic Stadium,Stratford International,E20 2ST,£19.00,30/12/2020,https://www.daysoutguide.co.uk/london-stadium-former-olympic-stadium,16/12/2019
London Pub Crawl,London Waterloo,SW1Y 4SP,£20.00,30/12/2020,https://www.daysoutguide.co.uk/london-pub-crawl,16/12/2019
Latest Musicbar,Brighton (East Sussex),BN2 1TF,Free,31/12/2020,https://www.daysoutguide.co.uk/latest-musicbar,16/12/2019
Locked In A Room,Greenwich,E16 1XL,£30.00,31/12/2020,https://www.daysoutguide.co.uk/locked-in-a-room,16/12/2019
Liana Electric Boat Trip,Hoveton & Wroxham,NR12 8UR,£7.00,31/10/2020,https://www.daysoutguide.co.uk/liana-electric-boat-trip,16/12/2019
Legoland Discovery Centre Birmingham,Birmingham New Street,B1 2AA,£20.00,31/12/2020,https://www.daysoutguide.co.uk/legoland-discovery-centre-birmingham,01/01/2020
London Eye Family Offer,London Waterloo,SE1 7PB,Free,31/12/2020,https://www.daysoutguide.co.uk/london-eye-family-offer,19/12/2019
Live Escape Salisbury,Salisbury,SP1 3SP,£50.00,31/12/2020,https://www.daysoutguide.co.uk/live-escape-salisbury,16/12/2019
London Eye Fast Track Offer,London Waterloo,SE1 7PB,£40.00,31/12/2020,https://www.daysoutguide.co.uk/london-eye-fast-track-offer,19/12/2019
The London Dungeon Fast Track Offer,London Waterloo,SE1 7PB,£40.00,31/12/2020,https://www.daysoutguide.co.uk/the-london-dungeon-fast-track-offer,19/12/2019
Liverpool Beatles Walk,Liverpool Lime Street,L3 1DP,£20.00,31/12/2020,https://www.daysoutguide.co.uk/liverpool-beatles-walk,16/12/2019
Lucky Voice Brighton,Brighton (East Sussex),BN1 1ND,£5.00,31/12/2020,https://www.daysoutguide.co.uk/lucky-voice-brighton,16/12/2019
Littlehampton Museum,Littlehampton,BN17 5EW,Free,31/12/2020,https://www.daysoutguide.co.uk/littlehampton-museum,16/12/2019
Madame Tussauds,London Marylebone,NW1 5LR,£35.00,24/12/2020,https://www.daysoutguide.co.uk/madame-tussauds,27/12/2019
Madame Tussauds Blackpool,Blackpool North,FY1 5AA,£18.50,31/12/2020,https://www.daysoutguide.co.uk/madame-tussauds-blackpool,01/01/2020
Manchester United Museum Tour,Manchester Piccadilly,M16 0RA,£25.00,31/12/2020,https://www.daysoutguide.co.uk/manchester-united-museum-tour,16/12/2019
Mary Ardens Farm,Stratford-upon-Avon,CV37 9UN,£23.00,03/11/2019,https://www.daysoutguide.co.uk/mary-ardens-farm,06/01/2020
Maxwells Bar Grill,London Charing Cross,WC2E 8JD,Free,01/12/2020,https://www.daysoutguide.co.uk/maxwells-bar-grill,16/12/2019
Merseyside Maritime Museum,Liverpool James Street,L3 4AQ,Free,31/12/2020,https://www.daysoutguide.co.uk/merseyside-maritime-museum,16/12/2019
Museum Of Liverpool,Liverpool James Street,L3 1DG,Free,31/12/2020,https://www.daysoutguide.co.uk/museum-of-liverpool,16/12/2019
Museum Of London Docklands,Limehouse,E14 4AL,Free,31/12/2020,https://www.daysoutguide.co.uk/museum-of-london-docklands,07/01/2020
Museum Of Oxford,Oxford,OX1 1BX,Free,None,https://www.daysoutguide.co.uk/museum-of-oxford,16/04/2019
Museum Of Transport Greater Manchester,Manchester Victoria,M8 8UW,£5.00,31/12/2020,https://www.daysoutguide.co.uk/museum-of-transport-greater-manchester,16/12/2019
Maxwells Sandwich Bar Coffee Shop,Southend Victoria,SS2 6AE,Free,31/12/2020,https://www.daysoutguide.co.uk/maxwells-sandwich-bar-coffee-shop,16/12/2019
Museum Of Berkshire Aviation,Winnersh Triangle,RG5 4UE,£3.50,31/12/2020,https://www.daysoutguide.co.uk/museum-of-berkshire-aviation,16/12/2019
Mixology,Hove,BN3 1RF,£120.00,31/12/2020,https://www.daysoutguide.co.uk/mixology,16/12/2019
Museum Of East Anglian Life,Stowmarket,IP14 1DL,£12.00,31/12/2020,https://www.daysoutguide.co.uk/museum-of-east-anglian-life,16/12/2019
Madame Tussauds London Family Offer,London Marylebone,NW1 5LR,Free,31/12/2020,https://www.daysoutguide.co.uk/madame-tussauds-london-family-offer,19/12/2019
Madame Tussauds London Fast Track Offer,London Marylebone,NW1 5LR,£40.00,31/12/2020,https://www.daysoutguide.co.uk/madame-tussauds-london-fast-track-offer,19/12/2019
Museum Of Brands,Shepherd's Bush,W11 1QT,£9.00,31/12/2020,https://www.daysoutguide.co.uk/museum-of-brands,16/12/2019
National Football Museum,Manchester Piccadilly,M4 3BG,Free,None,https://www.daysoutguide.co.uk/national-football-museum,16/04/2019
National Mining Museum Scotland,Newtongrange,EH22 4NH,£9.50,31/12/2020,https://www.daysoutguide.co.uk/national-mining-museum-scotland,16/12/2019
National Portrait Gallery,London Charing Cross,WC2H 0HE,Free,None,https://www.daysoutguide.co.uk/national-portrait-gallery,16/04/2019
National Rail Museum York,York,YO26 4XJ,Free,None,https://www.daysoutguide.co.uk/national-rail-museum-york,16/04/2019
Natural History Museum,London Victoria,SW7 5BD,Free,None,https://www.daysoutguide.co.uk/natural-history-museum,16/04/2019
Newbury Racecourse,Newbury Racecourse,RG14 7PN,Free,31/12/2020,https://www.daysoutguide.co.uk/newbury-racecourse,16/12/2019
Norwich Ghost Walks,Norwich,NR3 1RZ,£8.00,31/12/2020,https://www.daysoutguide.co.uk/norwich-ghost-walks,16/12/2019
National Maritime Museum Insight Investment Astronomy Photographer Of The Year,Greenwich,SE10 9NF,£10.00,26/04/2020,https://www.daysoutguide.co.uk/national-maritime-museum-insight-investment-astronomy-photographer-of-the-year,02/09/2019
National Gallery The Credit Suisse Exhibition Gauguin Portraits,London Charing Cross,WC2N 5DN,Free,26/01/2020,https://www.daysoutguide.co.uk/national-gallery-the-credit-suisse-exhibition-gauguin-portraits,17/12/2019
North Hertfordshire Museum,Hitchin,SG5 1JE,Free,31/12/2020,https://www.daysoutguide.co.uk/north-hertfordshire-museum,16/12/2019
National Portrait Gallery Pre Raphaelite Sisters,London Charing Cross,WC2H 0HE,Free,26/01/2020,https://www.daysoutguide.co.uk/national-portrait-gallery-pre-raphaelite-sisters,23/10/2019
National Museum Of Scotland Tyrannosaurs,Edinburgh,EH1 1JF,£12.00,04/05/2020,https://www.daysoutguide.co.uk/national-museum-of-scotland-tyrannosaurs,10/12/2019
National Gallery Leonardo Experience A Masterpiece,London Charing Cross,WC2N 5DN,Free,26/01/2020,https://www.daysoutguide.co.uk/national-gallery-leonardo-experience-a-masterpiece,05/01/2020
Oxford Castle Unlocked,Oxford,OX1 1AY,£12.50,31/12/2020,https://www.daysoutguide.co.uk/oxford-castle-unlocked,16/12/2019
Oxford University Press Museum,Oxford,OX1 3AZ,Free,None,https://www.daysoutguide.co.uk/oxford-university-press-museum,16/04/2019
Oliver Cromwells House,Ely,CB7 4HF,£5.20,31/12/2020,https://www.daysoutguide.co.uk/oliver-cromwells-house,16/12/2019
Paddington Bear Walking Tour Of London,London Paddington,W2 1BA,£12.00,31/12/2020,https://www.daysoutguide.co.uk/paddington-bear-walking-tour-of-london,16/12/2019
Pallant House Gallery,Chichester,PO19 1TJ,£12.50,31/12/2020,https://www.daysoutguide.co.uk/pallant-house-gallery,16/12/2019
Palm Court Brasserie,London Charing Cross,WC2E 8JS,Free,30/11/2020,https://www.daysoutguide.co.uk/palm-court-brasserie,16/12/2019
Paradise Park,Newhaven Town,BN9 0DH,£9.99,31/12/2020,https://www.daysoutguide.co.uk/paradise-park,16/12/2019
Planet Hollywood,London Charing Cross,SW1Y 4QX,Free,30/12/2020,https://www.daysoutguide.co.uk/planet-hollywood,16/12/2019
Pollok House,Pollokshaws West,G43 1AT,£7.50,30/12/2020,https://www.daysoutguide.co.uk/pollok-house,16/12/2019
Portsmouth Cathedral,Portsmouth Harbour,PO1 2HH,Free,None,https://www.daysoutguide.co.uk/portsmouth-cathedral,16/04/2019
Portsmouth Historic Dockyard,Portsmouth Harbour,PO1 3LJ,£39.00,31/12/2020,https://www.daysoutguide.co.uk/portsmouth-historic-dockyard,06/01/2020
Portsmouth Museum,Portsmouth Harbour,PO1 2LJ,Free,None,https://www.daysoutguide.co.uk/portsmouth-museum,16/04/2019
Portsmouth Natural History Museum,Fratton,PO4 9RF,Free,None,https://www.daysoutguide.co.uk/portsmouth-natural-history-museum,16/04/2019
Prior Park Landscape Garden,Bath Spa,BA2 5AH,£7.20,None,https://www.daysoutguide.co.uk/prior-park-landscape-garden,16/04/2019
Prittlewell Priory,Prittlewell,SS2 6NB,Free,31/12/2020,https://www.daysoutguide.co.uk/prittlewell-priory,16/12/2019
Pebbles One,Southend Central,SS1 2EL,Free,31/12/2020,https://www.daysoutguide.co.uk/pebbles-one,16/12/2019
Port Lympne Hotel Reserve,Westenhanger,CT21 4LR,£26.00,31/12/2020,https://www.daysoutguide.co.uk/port-lympne-hotel-reserve,16/12/2019
Queens House Maritime Museum,Greenwich,SE10 9NF,Free,None,https://www.daysoutguide.co.uk/queens-house-maritime-museum,16/04/2019
Quebec House,Oxted,TN16 1TD,£6.50,31/03/2020,https://www.daysoutguide.co.uk/quebec-house,16/12/2019
Regents Park,London Marylebone,NW1 4NR,Free,None,https://www.daysoutguide.co.uk/regents-park,16/04/2019
Richmond Park,Richmond (London),TW10 5HS,Free,None,https://www.daysoutguide.co.uk/richmond-park,16/04/2019
Roald Dahl Childrens Gallery,Aylesbury,HP20 2QP,£7.70,31/12/2020,https://www.daysoutguide.co.uk/roald-dahl-childrens-gallery,16/12/2019
Roald Dahl Museum And Story Centre,Great Missenden,HP16 0AL,£7.00,31/12/2020,https://www.daysoutguide.co.uk/roald-dahl-museum-and-story-centre,16/12/2019
Rochester Castle,Rochester,ME1 1SW,£6.40,31/03/2020,https://www.daysoutguide.co.uk/rochester-castle,16/12/2019
Royal Albert Hall Grand Tour,West Brompton,SW7 2AP,£14.50,31/12/2020,https://www.daysoutguide.co.uk/royal-albert-hall-grand-tour,16/12/2019
Royal Shakespeare Company The Plays The Thing,Stratford-upon-Avon,CV37 6BB,£8.50,31/12/2020,https://www.daysoutguide.co.uk/royal-shakespeare-company-the-plays-the-thing,16/12/2019
Rowleys Restaurant,London Charing Cross,SW1Y 6HJ,Free,31/12/2020,https://www.daysoutguide.co.uk/rowleys-restaurant,23/12/2019
Royal Observatory Greenwich,Greenwich,SE10 8XJ,£16.00,31/12/2020,https://www.daysoutguide.co.uk/royal-observatory-greenwich,16/12/2019
Royal Pavilion Brighton,Brighton (East Sussex),BN1 1EE,£15.00,31/12/2020,https://www.daysoutguide.co.uk/royal-pavilion-brighton,16/12/2019
Robert Burns Birthplace Museum,Ayr,KA7 4PQ,£10.50,31/12/2020,https://www.daysoutguide.co.uk/robert-burns-birthplace-museum,16/12/2019
River Avon Sightseeing Cruises,Stratford-upon-Avon,CV37 6YR,£7.00,31/12/2020,https://www.daysoutguide.co.uk/river-avon-sightseeing-cruises,16/12/2019
Red Arrows 3D Flight Simulator Science Museum,London Victoria,SW7 2DD,£5.00,01/09/2020,https://www.daysoutguide.co.uk/red-arrows-3d-flight-simulator-science-museum,16/12/2019
Reading Museum,Reading,RG1 1QH,Free,31/12/2020,https://www.daysoutguide.co.uk/reading-museum,16/12/2019
Rutherfords Punting Cambridge Shared Punting Experience,Cambridge,CB5 8AB,£20.00,31/12/2020,https://www.daysoutguide.co.uk/rutherfords-punting-cambridge-shared-punting-experience,16/12/2019
Rush Trampoline Park Birmingham,Bournville,B30 3DZ,£11.50,31/12/2020,https://www.daysoutguide.co.uk/rush-trampoline-park-birmingham,16/12/2019
Red House Museum And Gardens,Christchurch,BH23 1BU,Free,31/12/2020,https://www.daysoutguide.co.uk/red-house-museum-and-gardens,16/12/2019
Railworld Wildlife Haven,Peterborough,PE2 9NR,£4.00,31/12/2020,https://www.daysoutguide.co.uk/railworld-wildlife-haven,16/12/2019
Science Museum Imax Cinema,London Victoria,SW7 2DD,£11.00,31/12/2020,https://www.daysoutguide.co.uk/science-museum-imax-cinema,16/12/2019
Scotlands Jute Museum Verdant Works,Dundee,DD1 5BT,£11.50,31/12/2019,https://www.daysoutguide.co.uk/scotlands-jute-museum-verdant-works,16/12/2019
Scottish Maritime Museum,Irvine,KA12 8BT,£8.50,31/12/2020,https://www.daysoutguide.co.uk/scottish-maritime-museum,16/12/2019
Scottish Maritime Museum Denny Test Tank,Dumbarton Central,G82 1QS,£4.50,31/12/2020,https://www.daysoutguide.co.uk/scottish-maritime-museum-denny-test-tank,16/12/2019
Sea Life Brighton,Brighton (East Sussex),BN2 1TB,£20.50,31/12/2020,https://www.daysoutguide.co.uk/sea-life-brighton,01/01/2020
Sea Life Blackpool,Blackpool North,FY1 5AA,£16.50,31/12/2020,https://www.daysoutguide.co.uk/sea-life-blackpool,01/01/2020
Sea Life Scarborough,Scarborough,YO12 6RP,£19.00,31/12/2020,https://www.daysoutguide.co.uk/sea-life-scarborough,01/01/2020
Sea Life Great Yarmouth,Great Yarmouth,NR30 3AH,£16.95,31/12/2020,https://www.daysoutguide.co.uk/sea-life-great-yarmouth,01/01/2020
Sea Life Loch Lomond Aquarium,Balloch,G83 8QL,£14.95,31/12/2020,https://www.daysoutguide.co.uk/sea-life-loch-lomond-aquarium,01/01/2020
Sea Life Manchester,Manchester Piccadilly,M17 8AS,£19.95,31/12/2019,https://www.daysoutguide.co.uk/sea-life-manchester,01/01/2020
Secret London Tour,London Charing Cross,WC2N 5DN,£15.00,31/12/2020,https://www.daysoutguide.co.uk/secret-london-tour,16/12/2019
See London By Night,London Charing Cross,W1J 9BR,£21.00,30/12/2020,https://www.daysoutguide.co.uk/see-london-by-night,16/12/2019
Serpentine Gallery,Kensington Olympia,W2 3XA,Free,None,https://www.daysoutguide.co.uk/serpentine-gallery,16/04/2019
Severn Valley Railway,Kidderminster,DY10 1QX,£19.00,None,https://www.daysoutguide.co.uk/severn-valley-railway,16/04/2019
Shaka Zulu,Camden Road,NW1 8AB,Free,30/12/2020,https://www.daysoutguide.co.uk/shaka-zulu,16/12/2019
Shakespeares Birthplace,Stratford-upon-Avon,CV37 6QW,£23.00,31/12/2020,https://www.daysoutguide.co.uk/shakespeares-birthplace,06/01/2020
Shakespeares Globe Exhibition And Tour,London Bridge,SE1 9DT,£17.00,31/12/2020,https://www.daysoutguide.co.uk/shakespeares-globe-exhibition-and-tour,16/12/2019
Shepreth Wildlife Park,Shepreth,SG8 6PZ,£12.50,31/12/2020,https://www.daysoutguide.co.uk/shepreth-wildlife-park,16/12/2019
Sherborne Wharf Canal Cruises,Birmingham New Street,B1 2EA,£8.00,31/12/2020,https://www.daysoutguide.co.uk/sherborne-wharf-canal-cruises,16/12/2019
Sherlock Holmes Walking Tour Of London,London Charing Cross,WC2R 2PH,£12.00,31/12/2020,https://www.daysoutguide.co.uk/sherlock-holmes-walking-tour-of-london,16/12/2019
Southampton City Art Gallery,Southampton Central,SO14 7LP,Free,None,https://www.daysoutguide.co.uk/southampton-city-art-gallery,16/04/2019
Southbank,London Waterloo,SE1 8XX,Free,None,https://www.daysoutguide.co.uk/southbank,16/04/2019
Southwark Cathedral,London Bridge,SE1 9DA,Free,None,https://www.daysoutguide.co.uk/southwark-cathedral,16/04/2019
Spitalfields Arts Market,London Fenchurch Street,E1 6AA,Free,None,https://www.daysoutguide.co.uk/spitalfields-arts-market,16/04/2019
Spitalfields City Farm,London Bridge,E1 5AR,Free,None,https://www.daysoutguide.co.uk/spitalfields-city-farm,16/04/2019
Spitalfields Market,London Bridge,E1 6AA,Free,None,https://www.daysoutguide.co.uk/spitalfields-market,16/04/2019
St Davids Dewi Sant Cardiff,Cardiff Central,CF10 2EQ,Free,None,https://www.daysoutguide.co.uk/st-davids-dewi-sant-cardiff,16/04/2019
St James Park,None,SW1A 2BJ,Free,None,https://www.daysoutguide.co.uk/st-james-park,16/04/2019
St Martin In The Fields,London Charing Cross,WC2N 4JJ,Free,None,https://www.daysoutguide.co.uk/st-martin-in-the-fields,16/04/2019
St Pauls Cathedral,City Thameslink,EC4M 8AD,£20.00,31/12/2020,https://www.daysoutguide.co.uk/st-pauls-cathedral,16/12/2019
St Pauls Gallery Birmingham,Birmingham Snow Hill,B3 1TH,Free,None,https://www.daysoutguide.co.uk/st-pauls-gallery-birmingham,16/04/2019
Stratford Bike Hire,Stratford-upon-Avon,CV37 6GR,£15.00,31/12/2020,https://www.daysoutguide.co.uk/stratford-bike-hire,16/12/2019
Strawberry Hill House,Strawberry Hill,TW1 4ST,£12.50,31/12/2020,https://www.daysoutguide.co.uk/strawberry-hill-house,16/12/2019
St Augustines Abbey,Canterbury East,CT1 1PF,£8.00,31/03/2020,https://www.daysoutguide.co.uk/st-augustines-abbey,16/12/2019
Shakespeares New Place,Stratford-upon-Avon,CV37 6EP,£23.00,31/12/2020,https://www.daysoutguide.co.uk/shakespeares-new-place,06/01/2020
Suenos Guest House,Southend East,SS1 3AA,Free,31/12/2020,https://www.daysoutguide.co.uk/suenos-guest-house,16/12/2019
Southend Pier,Southend Central,SS1 1EE,£5.35,31/12/2019,https://www.daysoutguide.co.uk/southend-pier,16/12/2019
Southend Visitor Information Centre Souvenirs,Southend Central,SS1 1EE,Free,31/03/2020,https://www.daysoutguide.co.uk/southend-visitor-information-centre-souvenirs,16/12/2019
Subway Southend Seafront,Southend Central,SS1 2EN,Free,31/12/2020,https://www.daysoutguide.co.uk/subway-southend-seafront,16/12/2019
Sealife Adventure,Southend Central,SS1 2ER,£15.50,31/12/2020,https://www.daysoutguide.co.uk/sealife-adventure,16/12/2019
Shakespeares Schoolroom Guildhall,Stratford-upon-Avon,CV36 6HB,£8.50,31/12/2020,https://www.daysoutguide.co.uk/shakespeares-schoolroom-guildhall,16/12/2019
Science Museum Wonderlab The Equinor Gallery,London Victoria,SW7 2DD,£9.00,31/12/2020,https://www.daysoutguide.co.uk/science-museum-wonderlab-the-equinor-gallery,16/12/2019
Sightseeing Liverpool,Liverpool Lime Street,L3 1DP,£12.00,31/12/2020,https://www.daysoutguide.co.uk/sightseeing-liverpool,07/01/2020
Sticky Fingers,Kensington Olympia,W8 7QG,Free,31/12/2020,https://www.daysoutguide.co.uk/sticky-fingers,21/11/2019
Soldiers Of Oxfordshire Museum,Hanborough,OX20 1SN,£4.50,31/12/2020,https://www.daysoutguide.co.uk/soldiers-of-oxfordshire-museum,16/12/2019
Stonor Park,Henley-on-Thames,RG9 6HF,£10.00,31/10/2020,https://www.daysoutguide.co.uk/stonor-park,19/12/2019
Swindon Museum And Art Gallery,Swindon (Wilts),SN1 4BA,Free,31/12/2020,https://www.daysoutguide.co.uk/swindon-museum-and-art-gallery,16/12/2019
Science Museum Space Descent Vr With Tim Peake,Kensington Olympia,SW7 2DD,£7.00,31/12/2020,https://www.daysoutguide.co.uk/science-museum-space-descent-vr-with-tim-peake,16/12/2019
Southcroft Guest House,Eastbourne,BN20 7AH,Free,31/12/2020,https://www.daysoutguide.co.uk/southcroft-guest-house,16/12/2019
The South Pier,Lowestoft,NR33 0AE,Free,31/12/2020,https://www.daysoutguide.co.uk/the-south-pier,16/12/2019
Salisbury Escape Rooms,Salisbury,SP2 7SU,£50.00,31/12/2020,https://www.daysoutguide.co.uk/salisbury-escape-rooms,16/12/2019
Dreamworks Tours Shreks Adventure London Family Offer,London Waterloo,SE1 7PB,Free,31/12/2020,https://www.daysoutguide.co.uk/dreamworks-tours-shreks-adventure-london-family-offer,19/12/2019
Sea Life London Family Offer,London Waterloo,SE1 7PB,Free,31/12/2020,https://www.daysoutguide.co.uk/sea-life-london-family-offer,19/12/2019
Steam Museum Of The Great Western Railway,Swindon (Wilts),SN2 2EY,£9.80,31/12/2020,https://www.daysoutguide.co.uk/steam-museum-of-the-great-western-railway,16/12/2019
Sea Life London Fast Track Offer,London Waterloo,SE1 7PB,£40.00,31/12/2020,https://www.daysoutguide.co.uk/sea-life-london-fast-track-offer,19/12/2019
Spa Valley Railway,Tunbridge Wells,TN2 5QY,£12.00,31/03/2020,https://www.daysoutguide.co.uk/spa-valley-railway,12/12/2019
Shepherd Neame Brewery Tour,Faversham,ME13 7AX,£18.00,31/03/2020,https://www.daysoutguide.co.uk/shepherd-neame-brewery-tour,16/12/2019
St Albans Cathedral,St Albans CIty,AL1 1BY,Free,31/12/2020,https://www.daysoutguide.co.uk/st-albans-cathedral,16/12/2019
The Shipwreck Museum,Hastings,TN34 3DW,Free,31/12/2020,https://www.daysoutguide.co.uk/the-shipwreck-museum,16/12/2019
Scrapheap Golf,Edinburgh,EH1 1QR,Free,31/12/2020,https://www.daysoutguide.co.uk/scrapheap-golf,16/12/2019
Secret Old London Walking Tour,Farringdon,EC1M 6BY,£15.00,31/12/2020,https://www.daysoutguide.co.uk/secret-old-london-walking-tour,16/12/2019
Sea Life London Aquarium,London Waterloo,SE1 7PB,£30.00,31/12/2020,https://www.daysoutguide.co.uk/sea-life-london-aquarium,06/01/2020
Spark Your Creativity In Soho,London Charing Cross,W1F 9PE,£20.00,31/12/2020,https://www.daysoutguide.co.uk/spark-your-creativity-in-soho,16/12/2019
Save Up To 50 On Theatre Tickets,None,None,Free,31/12/2020,https://www.daysoutguide.co.uk/save-up-to-50-on-theatre-tickets,04/12/2019
Tate Britain,Vauxhall,SW1P 4RG,Free,None,https://www.daysoutguide.co.uk/tate-britain,16/04/2019
Tate Modern,London Waterloo East,SE1 9TG,Free,None,https://www.daysoutguide.co.uk/tate-modern,16/04/2019
Thames Barrier Information Centre,Charlton,SE18 5NJ,£4.15,31/12/2020,https://www.daysoutguide.co.uk/thames-barrier-information-centre,18/12/2019
Thames River Services,London Waterloo,SW1A 2JH,£13.25,31/12/2019,https://www.daysoutguide.co.uk/thames-river-services,16/12/2019
The Bar At Drakes Of Brighton,Brighton (East Sussex),BN2 1PE,Free,31/12/2020,https://www.daysoutguide.co.uk/the-bar-at-drakes-of-brighton,16/12/2019
The Barbican Centre,Moorgate,EC2Y 8DS,Free,None,https://www.daysoutguide.co.uk/the-barbican-centre,16/04/2019
The Blackpool Tower Circus,Blackpool North,FY1 4BJ,£16.50,31/12/2020,https://www.daysoutguide.co.uk/the-blackpool-tower-circus,01/01/2020
The Blackpool Tower Dungeon,Blackpool North,FY1 4BJ,£16.50,31/12/2020,https://www.daysoutguide.co.uk/the-blackpool-tower-dungeon,01/01/2020
The Blackpool Tower Eye,Blackpool North,FY1 4BJ,£16.50,31/12/2020,https://www.daysoutguide.co.uk/the-blackpool-tower-eye,01/01/2020
The British Library,London St Pancras International,NW1 2DB,Free,None,https://www.daysoutguide.co.uk/the-british-library,16/04/2019
The British Museum,London Euston,WC1B 3DG,Free,None,https://www.daysoutguide.co.uk/the-british-museum,16/04/2019
The Cartoon Museum,London Paddington,W1A 3AE,£8.50,31/12/2020,https://www.daysoutguide.co.uk/the-cartoon-museum,19/12/2019
The Classic Tour,London Charing Cross,WC2N 5BY,£24.00,30/12/2020,https://www.daysoutguide.co.uk/the-classic-tour,16/12/2019
The Clink Prison Museum,London Bridge,SE1 9DG,£8.00,31/12/2020,https://www.daysoutguide.co.uk/the-clink-prison-museum,16/12/2019
The Cornish Seal Sanctuary,Redruth,TR12 6UG,£15.50,31/12/2020,https://www.daysoutguide.co.uk/the-cornish-seal-sanctuary,16/12/2019
The Crewe Heritage Centre,Crewe,CW1 2DB,£7.00,31/10/2020,https://www.daysoutguide.co.uk/the-crewe-heritage-centre,16/12/2019
The Fan Museum,Greenwich,SE10 8ER,£5.00,31/12/2020,https://www.daysoutguide.co.uk/the-fan-museum,16/12/2019
The Georgian House Edinburgh,Edinburgh,EH2 4DR,£8.00,31/12/2020,https://www.daysoutguide.co.uk/the-georgian-house-edinburgh,16/12/2019
The Ghost Bus Tours Edinburgh,Edinburgh,EH1 1BQ,£17.50,31/12/2020,https://www.daysoutguide.co.uk/the-ghost-bus-tours-edinburgh,16/12/2019
The Ghost Bus Tours London,London Charing Cross,WC2N 5BY,£24.00,30/12/2020,https://www.daysoutguide.co.uk/the-ghost-bus-tours-london,16/12/2019
The Great Hall King Arthurs Round Table,Winchester,SO23 8PJ,Free,None,https://www.daysoutguide.co.uk/the-great-hall-king-arthurs-round-table,16/04/2019
The Household Cavalry Museum,London Charing Cross,SW1A 2AX,£9.00,31/12/2020,https://www.daysoutguide.co.uk/the-household-cavalry-museum,02/01/2020
The London Time Tour Bus,London Charing Cross,WC2N 5BY,£20.00,31/12/2020,https://www.daysoutguide.co.uk/the-london-time-tour-bus,16/12/2019
The Mad Museum,Stratford-upon-Avon,CV37 6PT,£7.80,31/12/2020,https://www.daysoutguide.co.uk/the-mad-museum,16/12/2019
The Medieval Banquet,London Bridge,E1W 1BP,£50.00,30/12/2020,https://www.daysoutguide.co.uk/the-medieval-banquet,16/12/2019
The Monument,London Bridge,EC3R 8AH,£5.00,31/12/2020,https://www.daysoutguide.co.uk/the-monument,16/12/2019
The Musical Museum,Kew Bridge,TW8 0JA,£11.00,31/12/2020,https://www.daysoutguide.co.uk/the-musical-museum,16/12/2019
The Old Operating Theatre Museum And Herb Garret,London Bridge,SE1 9RY,£6.50,31/12/2020,https://www.daysoutguide.co.uk/the-old-operating-theatre-museum-and-herb-garret,16/12/2019
The Original Tour London Buy Tickets Online,London Charing Cross,SW1Y 5BL,Free,31/12/2020,https://www.daysoutguide.co.uk/the-original-tour-london-buy-tickets-online,30/12/2019
The View From The Shard,London Bridge,SE1 9QU,£32.00,31/12/2020,https://www.daysoutguide.co.uk/the-view-from-the-shard,16/12/2019
The Wallace Collection,London Marylebone,W1U 3BN,£10.00,31/12/2020,https://www.daysoutguide.co.uk/the-wallace-collection,16/12/2019
The Woman In Black At Fortune Theatre,London Charing Cross,WC2B 5HH,£57.00,31/03/2020,https://www.daysoutguide.co.uk/the-woman-in-black-at-fortune-theatre,25/11/2019
The York Dungeon,York,YO1 9RD,£16.95,31/12/2020,https://www.daysoutguide.co.uk/the-york-dungeon,01/01/2020
Thorpe Park Resort,Staines,KT16 8PN,£55.00,16/10/2020,https://www.daysoutguide.co.uk/thorpe-park-resort,01/01/2020
Thriller,London Charing Cross,W1D 7ES,£77.50,23/04/2020,https://www.daysoutguide.co.uk/thriller,16/12/2019
Tower Bridge,London Bridge,SE1 2UP,£9.80,31/12/2020,https://www.daysoutguide.co.uk/tower-bridge,16/12/2019
Tower Of London,London Fenchurch Street,EC3N 4AB,£30.30,31/12/2020,https://www.daysoutguide.co.uk/tower-of-london,16/12/2019
Towner Art Gallery,Eastbourne,BN21 4JJ,Free,31/12/2020,https://www.daysoutguide.co.uk/towner-art-gallery,16/12/2019
Trafalgar Square,London Charing Cross,WC2N 5DN,Free,None,https://www.daysoutguide.co.uk/trafalgar-square,16/04/2019
Tudor World,Stratford-upon-Avon,CV37 6EE,£6.00,31/12/2020,https://www.daysoutguide.co.uk/tudor-world,16/12/2019
World Rugby Museum,Twickenham,TW2 7BA,£12.50,31/12/2020,https://www.daysoutguide.co.uk/world-rugby-museum,16/12/2019
Typhoon Force Simulator At The Science Museum,London Victoria,SW7 2DD,£4.00,01/09/2020,https://www.daysoutguide.co.uk/typhoon-force-simulator-at-the-science-museum,16/12/2019
The National Sea Life Centre,Birmingham New Street,B1 2HL,£20.00,31/12/2020,https://www.daysoutguide.co.uk/the-national-sea-life-centre,01/01/2020
The Lightbox Gallery And Museum,Woking,GU21 4AA,£7.50,31/12/2020,https://www.daysoutguide.co.uk/the-lightbox-gallery-and-museum,16/12/2019
The National Museum Of Computing,Bletchley,MK3 6EB,£7.50,31/12/2020,https://www.daysoutguide.co.uk/the-national-museum-of-computing,16/12/2019
The Pen Museum,Jewellery Quarter,B1 3HS,£6.00,31/12/2020,https://www.daysoutguide.co.uk/the-pen-museum,16/12/2019
The London Dungeon,London Waterloo,SE1 7PB,£30.00,30/12/2020,https://www.daysoutguide.co.uk/the-london-dungeon,01/01/2020
Thames Rockets,London Waterloo,SE1 7PB,£44.95,31/12/2020,https://www.daysoutguide.co.uk/thames-rockets,06/12/2019
The Museum Of English Rural Life,Reading,RG1 5EX,Free,31/12/2020,https://www.daysoutguide.co.uk/the-museum-of-english-rural-life,16/12/2019
The Royal Green Jackets Rifles Museum,Winchester,SO23 8TS,£5.00,31/12/2020,https://www.daysoutguide.co.uk/the-royal-green-jackets-rifles-museum,16/12/2019
Turk Launches,Kingston,KT1 1PX,Free,31/10/2020,https://www.daysoutguide.co.uk/turk-launches,16/12/2019
Thermae Bath Spa,Bath Spa,BA1 1SJ,£37.00,31/12/2020,https://www.daysoutguide.co.uk/thermae-bath-spa,16/12/2019
The London Dungeon Family Offer,London Waterloo,SE1 7PB,Free,31/12/2020,https://www.daysoutguide.co.uk/the-london-dungeon-family-offer,19/12/2019
The Black Watch Castle And Museum,Perth,PH1 5HR,£8.50,31/12/2020,https://www.daysoutguide.co.uk/the-black-watch-castle-and-museum,16/12/2019
The Bear Grylls Adventure,Birmingham International,B40 1NT,£25.00,31/12/2020,https://www.daysoutguide.co.uk/the-bear-grylls-adventure,01/01/2020
Tate Britain William Blake The Artist,Vauxhall,SW1P 4RG,£18.00,02/02/2020,https://www.daysoutguide.co.uk/tate-britain-william-blake-the-artist,13/11/2019
Tate Modern Dora Maar,London Blackfriars,SE1 9TG,£13.00,15/03/2020,https://www.daysoutguide.co.uk/tate-modern-dora-maar,14/11/2019
The London Dungeon Friends Rates,London Waterloo,SE1 7PB,£50.00,31/12/2020,https://www.daysoutguide.co.uk/the-london-dungeon-friends-rates,16/12/2019
The Higgins Bedford,Bedford,MK40 3XD,Free,31/12/2020,https://www.daysoutguide.co.uk/the-higgins-bedford,16/12/2019
The True Crime Museum,Hastings,TN34 1JP,£8.50,31/12/2020,https://www.daysoutguide.co.uk/the-true-crime-museum,16/12/2019
The Cromwell Museum,Huntingdon,PE29 3LF,Free,31/12/2020,https://www.daysoutguide.co.uk/the-cromwell-museum,16/12/2019
The Painted Hall At Old Royal Naval College,Greenwich,SE10 9NN,£12.00,31/12/2020,https://www.daysoutguide.co.uk/the-painted-hall-at-old-royal-naval-college,16/12/2019
The Battle Of Britain Memorial,Folkestone Central,CT18 7JJ,£6.00,31/03/2020,https://www.daysoutguide.co.uk/the-battle-of-britain-memorial,16/12/2019
The Canterbury Tales Visitor Attraction,Canterbury East,CT1 2TG,£10.95,31/03/2020,https://www.daysoutguide.co.uk/the-canterbury-tales-visitor-attraction,16/12/2019
The Clarendon Royal Hotel,Gravesend,DA12 2BE,Free,31/03/2020,https://www.daysoutguide.co.uk/the-clarendon-royal-hotel,16/12/2019
The National Museum Of The Royal Navy Hartlepool,Hartlepool,TS24 0XZ,£10.00,31/12/2020,https://www.daysoutguide.co.uk/the-national-museum-of-the-royal-navy-hartlepool,16/12/2019
The Fitzwilliam Museum,Cambridge,CB2 1RB,Free,31/12/2020,https://www.daysoutguide.co.uk/the-fitzwilliam-museum,16/12/2019
The Polar Museum,Cambridge,CB2 1ER,Free,31/12/2020,https://www.daysoutguide.co.uk/the-polar-museum,16/12/2019
The Novium Museum,Chichester,PO19 1QH,Free,31/12/2020,https://www.daysoutguide.co.uk/the-novium-museum,16/12/2019
The Photographers Gallery Feast For The Eyes The Story Of Food In Photography,London Charing Cross,W1F 7LW,£5.00,09/02/2020,https://www.daysoutguide.co.uk/the-photographers-gallery-feast-for-the-eyes-the-story-of-food-in-photography,24/09/2019
Thames Clippers,London Waterloo,SE1 7NS,£19.80,31/12/2020,https://www.daysoutguide.co.uk/thames-clippers,16/12/2019
The Photographers Gallery Shot In Soho,London Charing Cross,W1F 7LW,£5.00,09/02/2020,https://www.daysoutguide.co.uk/the-photographers-gallery-shot-in-soho,23/10/2019
Tate Britain Aubrey Beardsley,Vauxhall,SW1P 4RG,£18.00,25/05/2020,https://www.daysoutguide.co.uk/tate-britain-aubrey-beardsley,16/12/2019
Tate Britain British Baroque Power And Illusion,Vauxhall,SW1P 4RG,£18.00,19/04/2020,https://www.daysoutguide.co.uk/tate-britain-british-baroque-power-and-illusion,14/11/2019
The Westcliff Muthu Hotel,Westcliff,SS0 7QW,Free,31/12/2020,https://www.daysoutguide.co.uk/the-westcliff-muthu-hotel,16/12/2019
Victoria And Albert Museum,London Victoria,SW7 2RL,Free,30/04/2017,https://www.daysoutguide.co.uk/victoria-and-albert-museum,16/04/2019
Va Museum Of Childhood,Cambridge Heath,E2 9PA,Free,None,https://www.daysoutguide.co.uk/va-museum-of-childhood,16/04/2019
Victoria Albert Museum Va Mary Quant,London Victoria,SW7 2RL,£12.00,16/02/2020,https://www.daysoutguide.co.uk/victoria-albert-museum-va-mary-quant,02/05/2019
Victoria Albert Museum Va Cars Accelerating The Modern World,London Victoria,SW7 2RL,£18.00,19/04/2020,https://www.daysoutguide.co.uk/victoria-albert-museum-va-cars-accelerating-the-modern-world,22/08/2019
Victoria Albert Museum Va Tim Walker Wonderful Things,London Victoria,SW7 2RL,£15.00,08/03/2020,https://www.daysoutguide.co.uk/victoria-albert-museum-va-tim-walker-wonderful-things,04/07/2019
Waddesdon Manor,Aylesbury Vale Parkway,HP18 0JH,£11.00,31/12/2020,https://www.daysoutguide.co.uk/waddesdon-manor,16/12/2019
Walker Art Gallery,Liverpool Lime Street,L3 8EL,Free,31/12/2020,https://www.daysoutguide.co.uk/walker-art-gallery,16/12/2019
Walmer Castle And Gardens,Deal,CT14 7LJ,£13.50,31/03/2020,https://www.daysoutguide.co.uk/walmer-castle-and-gardens,16/12/2019
Warwick Castle,Warwick,CV34 4QU,Free,31/12/2020,https://www.daysoutguide.co.uk/warwick-castle,01/01/2020
Wellcome Collection,London Euston,NW1 2BE,Free,31/12/2020,https://www.daysoutguide.co.uk/wellcome-collection,16/12/2019
Wellington Arch,London Victoria,W1J 7JZ,£6.30,31/12/2020,https://www.daysoutguide.co.uk/wellington-arch,16/12/2019
Wembley Stadium Tour,Wembley Stadium,HA9 0WS,£22.00,31/12/2020,https://www.daysoutguide.co.uk/wembley-stadium-tour,16/12/2019
Westminster Abbey,London Victoria,SW1E 5ND,£23.00,31/12/2020,https://www.daysoutguide.co.uk/westminster-abbey,16/12/2019
Weymouth Sea Life Adventure Park Tower,Weymouth,DT4 7SX,£22.95,31/12/2020,https://www.daysoutguide.co.uk/weymouth-sea-life-adventure-park-tower,01/01/2020
Wildwood,Herne Bay,CT6 8PJ,£13.45,31/03/2020,https://www.daysoutguide.co.uk/wildwood,16/12/2019
Williamson Tunnels Heritage Centre,Liverpool Lime Street,L7 3EE,£4.50,31/12/2020,https://www.daysoutguide.co.uk/williamson-tunnels-heritage-centre,16/12/2019
Winchester Cathedral,Winchester,SO23 9LS,£9.50,31/12/2020,https://www.daysoutguide.co.uk/winchester-cathedral,16/12/2019
Winchester City Museum,Winchester,SO23 9ES,Free,31/12/2020,https://www.daysoutguide.co.uk/winchester-city-museum,16/12/2019
Windsor Great Park,Windsor & Eton Central,SL4 2HT,Free,None,https://www.daysoutguide.co.uk/windsor-great-park,16/04/2019
World Museum Liverpool,Liverpool Lime Street,L3 8EN,Free,31/12/2020,https://www.daysoutguide.co.uk/world-museum-liverpool,16/12/2019
Wwt Arundel Wetland Centre,Arundel,BN18 9PB,£11.97,31/12/2020,https://www.daysoutguide.co.uk/wwt-arundel-wetland-centre,16/12/2019
Wwt London Wetland Centre,Barnes Bridge,SW13 9WT,£13.00,31/12/2020,https://www.daysoutguide.co.uk/wwt-london-wetland-centre,16/12/2019
West Wycombe Caves The Hell Fire Caves,High Wycombe,HP14 3AH,£8.50,31/12/2020,https://www.daysoutguide.co.uk/west-wycombe-caves-the-hell-fire-caves,16/12/2019
Watts Gallery Artists Village,Guildford,GU3 1DQ,£11.50,31/12/2020,https://www.daysoutguide.co.uk/watts-gallery-artists-village,16/12/2019
Winterbourne House And Garden,University (Birmingham),B15 2RT,£7.20,31/12/2020,https://www.daysoutguide.co.uk/winterbourne-house-and-garden,16/12/2019
Willis Museum,Basingstoke,RG21 7QD,Free,31/12/2020,https://www.daysoutguide.co.uk/willis-museum,16/12/2019
Westgate Museum,Winchester,SO23 9AP,Free,31/12/2020,https://www.daysoutguide.co.uk/westgate-museum,16/12/2019
Westbury Manor Museum,Fareham,PO16 0JJ,Free,31/12/2020,https://www.daysoutguide.co.uk/westbury-manor-museum,16/12/2019
World Rugby Hall Of Fame,Rugby,CV21 3BZ,£6.00,03/04/2020,https://www.daysoutguide.co.uk/world-rugby-hall-of-fame,16/12/2019
Wonders Of Civilisation A Crash Course In Archaeology At The British Museum,London Kings Cross,WC1N 1LJ,£40.00,31/12/2020,https://www.daysoutguide.co.uk/wonders-of-civilisation-a-crash-course-in-archaeology-at-the-british-museum,16/12/2019
Whitechapel Gallery Anna Maria Maiolino Making Love Revolutionary,London Liverpool Street,E1 7QX,£12.95,12/01/2020,https://www.daysoutguide.co.uk/whitechapel-gallery-anna-maria-maiolino-making-love-revolutionary,23/09/2019
Wealth And Power In The City,London Cannon Street,EC4N 8AA,£30.00,31/12/2020,https://www.daysoutguide.co.uk/wealth-and-power-in-the-city,25/11/2019
Zsl London Zoo,London Euston,NW1 4RY,Free,31/12/2020,https://www.daysoutguide.co.uk/zsl-london-zoo,16/12/2019
